{"cameraMode":{"drawMode":1,"name":"Wireframe","section":"Shading Mode"},"sceneLighting":true,"audioPlay":false,"sceneViewState":{"showFog":true,"showMaterialUpdate":false,"showSkybox":true,"showFlares":true,"showImageEffects":true,"showParticleSystems":true},"in2DMode":false,"pivot":{"x":-1.7563457489013672,"y":4.345242977142334,"z":0.17280292510986329},"rotation":{"x":-0.18143555521965028,"y":0.5465812683105469,"z":-0.12268643826246262,"w":-0.8082703948020935},"size":2.8026187419891359,"orthographic":false}